<?xml version="1.0"?>
<!--
    This file is part of PySide project.
    Copyright (C) 2013 Digia Plc and/or its subsidiary(-ies).
    Contact: PySide team <contact@pyside.org>

    This library is free software; you can redistribute it and/or
    modify it under the terms of the GNU Lesser General Public
    License as published by the Free Software Foundation; either
    version 2.1 of the License, or (at your option) any later version.

    This library is distributed in the hope that it will be useful,
    but WITHOUT ANY WARRANTY; without even the implied warranty of
    MERCHANTABILITY or FITNESS FOR A PARTICULAR PURPOSE.  See the GNU
    Lesser General Public License for more details.

    You should have received a copy of the GNU Lesser General Public
    License along with this library; if not, write to the Free Software
    Foundation, Inc., 51 Franklin Street, Fifth Floor, Boston, MA  02110-1301  USA
-->

<typesystem package="PySide.QtHelp">
    <load-typesystem name="typesystem_gui.xml" generate="no" />

    <value-type name="QHelpContentItem">
      <modify-function signature="parent() const">
        <modify-argument index="return">
          <define-ownership owner="default"/>
        </modify-argument>
      </modify-function>
    </value-type>
    <object-type name="QHelpContentModel" polymorphic-id-expression="qobject_cast&lt;QHelpContentModel*&gt;(%1)"/>
    <object-type name="QHelpContentWidget"/>
    <object-type name="QHelpEngine" />
    <object-type name="QHelpEngineCore"/>
    <object-type name="QHelpIndexModel"/>
    <object-type name="QHelpIndexWidget"/>
    <object-type name="QHelpSearchEngine"/>
    <value-type name="QHelpSearchQuery">
        <enum-type name="FieldName"/>
    </value-type>
    <object-type name="QHelpSearchQueryWidget"/>
    <object-type name="QHelpSearchResultWidget"/>
</typesystem>
